Tiempo (s) Serie Nº 3;Intensidad de campo magnético (G) Serie Nº 3;Tiempo (s) Serie Nº 4;Intensidad de campo magnético (G) Serie Nº 4;Tiempo (s) Serie Nº 5;Intensidad de campo magnético (G) Serie Nº 5
0;-3,58787635;0;-3,77425954;0;-3,75992237
0,05;-3,73483233;0,05;-3,77425954;0,05;-3,64880932
0,1;-3,50185334;0,1;-3,77425954;0,1;-3,69540511
0,15;-3,55561772;0,15;-3,77067525;0,15;-3,75633808
0,2;-3,7025737;0,2;-3,77067525;0,2;-3,7025737
0,25;-3,64522502;0,25;-3,77425954;0,25;-3,76709095
0,3;-3,68465224;0,3;-3,75275379;0,3;-3,76350666
0,35;-3,48751617;0,35;-3,77067525;0,35;-3,68465224
0,4;-3,72766374;0,4;-3,77425954;0,4;-3,68823653
0,45;-3,67748365;0,45;-3,77425954;0,45;-3,66314648
0,5;-3,75633808;0,5;-3,77425954;0,5;-3,4767633
0,55;-3,75275379;0,55;-3,77425954;0,55;-3,71691086
0,6;-3,75633808;0,6;-3,76709095;0,6;-3,75992237
0,65;-3,72407945;0,65;-3,77425954;0,65;-3,65239361
0,7;-3,76709095;0,7;-3,77425954;0,7;-3,60579781
0,75;-3,75992237;0,75;-3,77067525;0,75;-3,73124803
0,8;-3,76709095;0,8;-3,77067525;0,8;-3,77425954
0,85;-3,77425954;0,85;-3,74916949;0,85;-3,75633808
0,9;-3,74200091;0,9;-3,74916949;0,9;-3,7455852
0,95;-3,71691086;0,95;-3,76350666;0,95;-3,75633808
1;-3,72766374;1;-3,77425954;1;-3,77425954
1,05;-3,6559779;1,05;-3,77425954;1,05;-3,75992237
1,1;-3,6989894;1,1;-3,77067525;1,1;-3,6989894
1,15;-3,75275379;1,15;-3,77425954;1,15;-3,74200091
1,2;-3,71691086;1,2;-3,76709095;1,2;-3,74916949
1,25;-3,73841662;1,25;-3,77067525;1,25;-3,74200091
1,3;-3,77067525;1,3;-3,77067525;1,3;-3,66314648
1,35;-3,69182082;1,35;-3,77067525;1,35;-3,77067525
1,4;-3,69182082;1,4;-3,77425954;1,4;-3,74200091
1,45;-3,65239361;1,45;-3,77425954;1,45;-3,75275379
1,5;-3,66673078;1,5;-3,77425954;1,5;-3,55920201
1,55;-3,71332657;1,55;-3,77425954;1,55;-3,67031507
1,6;-3,7025737;1,6;-3,77425954;1,6;-3,75275379
1,65;-3,51619051;1,65;-3,77425954;1,65;-3,75633808
1,7;-3,63447215;1,7;-3,77425954;1,7;-3,72407945
1,75;-3,72766374;1,75;-3,76350666;1,75;-3,71332657
1,8;-3,6129664;1,8;-3,77425954;1,8;-3,65956219
1,85;-3,68823653;1,85;-3,76350666;1,85;-3,74200091
1,9;-3,7455852;1,9;-3,77067525;1,9;-3,71691086
1,95;-3,71332657;1,95;-3,77067525;1,95;-3,60221352
2;-3,75992237;2;-3,77425954;2;-3,65239361
2,05;-3,73483233;2,05;-3,77425954;2,05;-3,59862923
2,1;-3,72766374;2,1;-3,77425954;2,1;-3,53411197
2,15;-3,75275379;2,15;-3,77067525;2,15;-3,58429206
2,2;-3,70974228;2,2;-3,77067525;2,2;-3,59504493
2,25;-3,73841662;2,25;-3,77425954;2,25;-3,73841662
2,3;-3,69540511;2,3;-3,76350666;2,3;-3,77425954
2,35;-3,75992237;2,35;-3,76709095;2,35;-3,74200091
2,4;-3,73124803;2,4;-3,75992237;2,4;-3,75992237
2,45;-3,75275379;2,45;-3,77067525;2,45;-3,77425954
2,5;-3,7025737;2,5;-3,77425954;2,5;-3,62013498
2,55;-3,74200091;2,55;-3,76350666;2,55;-3,64164073
2,6;-3,68823653;2,6;-3,77425954;2,6;-3,74200091
2,65;-3,59146064;2,65;-3,77425954;2,65;-3,61655069
2,7;-3,68823653;2,7;-3,77425954;2,7;-3,54128055
2,75;-3,6989894;2,75;-3,76709095;2,75;-3,62730356
2,8;-3,45525754;2,8;-3,77425954;2,8;-3,64164073
2,85;-3,64164073;2,85;-3,77425954;2,85;-3,52694339
2,9;-3,37281883;2,9;-3,77425954;2,9;-3,56995489
2,95;-3,43375179;2,95;-3,77425954;2,95;-3,64164073
3;-3,6093821;3;-3,77425954;3;-3,6559779
3,05;-3,63805644;3,05;-3,76709095;3,05;-3,6989894
3,1;-3,63805644;3,1;-3,77425954;3,1;-3,73124803
3,15;-3,68106794;3,15;-3,76709095;3,15;-3,66673078
3,2;-3,49110047;3,2;-3,77425954;3,2;-3,72049516
3,25;-3,41224604;3,25;-3,76709095;3,25;-3,72766374
3,3;-3,28679582;3,3;-3,77067525;3,3;-3,76709095
3,35;-3,2043571;3,35;-3,77425954;3,35;-3,76350666
3,4;-3,46959471;3,4;-3,77425954;3,4;-3,7455852
3,45;-3,42658321;3,45;-3,77425954;3,45;-3,76709095
3,5;-3,46959471;3,5;-3,77425954;3,5;-3,75275379
3,55;-3,63088786;3,55;-3,77425954;3,55;-3,76709095
3,6;-3,56278631;3,6;-3,77425954;3,6;-3,63805644
3,65;-3,48393188;3,65;-3,77425954;3,65;-3,6559779
3,7;-3,37281883;3,7;-3,77425954;3,7;-3,62013498
3,75;-3,6129664;3,75;-3,77425954;3,75;-3,72766374
3,8;-3,65239361;3,8;-3,77425954;3,8;-3,67031507
3,85;-3,5663706;3,85;-3,77425954;3,85;-3,73841662
3,9;-3,387156;3,9;-3,77425954;3,9;-3,72407945
3,95;-3,4767633;3,95;-3,77425954;3,95;-3,45167325
4;-3,46601042;4;-3,77067525;4;-3,6093821
4,05;-3,62371927;4,05;-3,77425954;4,05;-3,68106794
4,1;-3,62013498;4,1;-3,77067525;4,1;-3,6989894
4,15;-3,57353918;4,15;-3,76709095;4,15;-3,73841662
4,2;-3,40507746;4,2;-3,76709095;4,2;-3,64880932
4,25;-3,58070777;4,25;-3,77425954;4,25;-3,69182082
4,3;-3,49826905;4,3;-3,77425954;4,3;-3,75275379
4,35;-3,55203343;4,35;-3,77425954;4,35;-3,70974228
4,4;-3,59146064;4,4;-3,77425954;4,4;-3,67748365
4,45;-3,473179;4,45;-3,77425954;4,45;-3,58070777
4,5;-3,70615799;4,5;-3,77425954;4,5;-3,54128055
4,55;-3,67389936;4,55;-3,77425954;4,55;-3,68106794
4,6;-3,50543763;4,6;-3,77067525;4,6;-3,75633808
4,65;-3,59862923;4,65;-3,77425954;4,65;-3,6989894
4,7;-3,48751617;4,7;-3,77425954;4,7;-3,6989894
4,75;-3,6129664;4,75;-3,77067525;4,75;-3,72407945
4,8;-3,37998741;4,8;-3,77425954;4,8;-3,55203343
4,85;-3,59504493;4,85;-3,77425954;4,85;-3,70615799
4,9;-3,54844914;4,9;-3,77425954;4,9;-3,71332657
4,95;-3,66673078;4,95;-3,77425954;4,95;-3,74200091
5;-3,7025737;5;-3,77425954;5;-3,6559779
5,05;-3,57712347;5,05;-3,77425954;5,05;-3,46601042
5,1;-3,6559779;5,1;-3,77425954;5,1;-3,41224604
5,15;-3,63088786;5,15;-3,77425954;5,15;-3,6129664
5,2;-3,7025737;5,2;-3,77425954;5,2;-3,63447215
5,25;-3,72766374;5,25;-3,77425954;5,25;-3,41941462
5,3;-3,67389936;5,3;-3,77067525;5,3;-3,63088786
5,35;-3,6559779;5,35;-3,77067525;5,35;-3,67389936
5,4;-3,64164073;5,4;-3,77425954;5,4;-3,62013498
5,45;-3,73124803;5,45;-3,77425954;5,45;-3,68823653
5,5;-3,68106794;5,5;-3,77425954;5,5;-3,67748365
5,55;-3,63088786;5,55;-3,77425954;5,55;-3,61655069
5,6;-3,54128055;5,6;-3,77425954;5,6;-3,63805644
5,65;-3,75992237;5,65;-3,77425954;5,65;-3,62013498
5,7;-3,73841662;5,7;-3,77425954;5,7;-3,72766374
5,75;-3,75992237;5,75;-3,77425954;5,75;-3,69540511
5,8;-3,64880932;5,8;-3,77425954;5,8;-3,68465224
5,85;-3,71691086;5,85;-3,77425954;5,85;-3,68823653
5,9;-3,67389936;5,9;-3,77425954;5,9;-3,74200091
5,95;-3,6989894;5,95;-3,77425954;5,95;-3,75633808
6;-3,63088786;6;-3,77425954;6;-3,6989894
6,05;-3,67748365;6,05;-3,77425954;6,05;-3,73841662
6,1;-3,54128055;6,1;-3,77425954;6,1;-3,74200091
6,15;-3,57712347;6,15;-3,77425954;6,15;-3,64164073
6,2;-3,59146064;6,2;-3,77425954;6,2;-3,70974228
6,25;-3,35848166;6,25;-3,77425954;6,25;-3,6989894
6,3;-3,64880932;6,3;-3,77425954;6,3;-3,60579781
6,35;-3,24378431;6,35;-3,77425954;6,35;-3,71332657
6,4;-3,48751617;6,4;-3,77067525;6,4;-3,67748365
6,45;-3,54844914;6,45;-3,77425954;6,45;-3,69540511
6,5;-3,31905445;6,5;-3,77425954;6,5;-3,74916949
6,55;-3,5663706;6,55;-3,77425954;6,55;-3,56278631
6,6;-3,65956219;6,6;-3,77067525;6,6;-3,68465224
6,65;-3,50902193;6,65;-3,77067525;6,65;-3,7025737
6,7;-3,54844914;6,7;-3,77067525;6,7;-3,63447215
6,75;-3,51619051;6,75;-3,76709095;6,75;-3,54844914
6,8;-3,41941462;6,8;-3,77425954;6,8;-3,5197748
6,85;-3,37640312;6,85;-3,77067525;6,85;-3,48393188
6,9;-3,51260622;6,9;-3,77425954;6,9;-3,24378431
6,95;-3,58429206;6,95;-3,76709095;6,95;-3,37281883
7;-3,59862923;7;-3,77425954;7;-3,23303144
7,05;-3,54128055;7,05;-3,77067525;7,05;-3,02872679
7,1;-3,17568276;7,1;-3,77425954;7,1;-3,09324405
7,15;-2,98213099;7,15;-3,77425954;7,15;-3,27962723
7,2;-3,30471728;7,2;-3,77425954;7,2;-3,46242613
7,25;-3,54486485;7,25;-3,76350666;7,25;-3,27962723
7,3;-3,28321153;7,3;-3,77425954;7,3;-3,25812148
7,35;-3,40149316;7,35;-3,77067525;7,35;-3,49110047
7,4;-3,05381683;7,4;-3,77425954;7,4;-3,54844914
7,45;-3,27962723;7,45;-3,77425954;7,45;-3,35489737
7,5;-3,31547015;7,5;-3,77425954;7,5;-3,5663706
7,55;-3,35848166;7,55;-3,77425954;7,55;-3,39432458
7,6;-3,53411197;7,6;-3,77425954;7,6;-3,34772878
7,65;-3,4301675;7,65;-3,77425954;7,65;-3,473179
7,7;-3,1577613;7,7;-3,77425954;7,7;-3,53052768
7,75;-3,2509529;7,75;-3,77425954;7,75;-3,59504493
7,8;-3,44092038;7,8;-3,77425954;7,8;-3,60579781
7,85;-3,44450467;7,85;-3,77425954;7,85;-3,58429206
7,9;-3,66673078;7,9;-3,77425954;7,9;-3,41583033
7,95;-3,40507746;7,95;-3,76709095;7,95;-3,40149316
8;-3,37998741;8;-3,77425954;8;-3,59504493
8,05;-3,45884184;8,05;-3,77425954;8,05;-3,61655069
8,1;-3,30471728;8,1;-3,77425954;8,1;-3,72766374
8,15;-3,35131307;8,15;-3,77067525;8,15;-3,76709095
8,2;-3,33339161;8,2;-3,77425954;8,2;-3,72407945
8,25;-3,34414449;8,25;-3,77067525;8,25;-3,66314648
8,3;-3,36923454;8,3;-3,77425954;8,3;-3,49110047
8,35;-3,48751617;8,35;-3,77067525;8,35;-3,6559779
8,4;-3,62371927;8,4;-3,77425954;8,4;-3,5663706
8,45;-3,52694339;8,45;-3,76709095;8,45;-3,6559779
8,5;-3,36206595;8,5;-3,77425954;8,5;-3,70615799
8,55;-3,30830157;8,55;-3,77425954;8,55;-3,50902193
8,6;-3,43375179;8,6;-3,77425954;8,6;-3,54486485
8,65;-3,33697591;8,65;-3,77425954;8,65;-3,473179
8,7;-3,61655069;8,7;-3,77067525;8,7;-3,52335909
8,75;-3,61655069;8,75;-3,77425954;8,75;-3,21152568
8,8;-3,70974228;8,8;-3,77425954;8,8;-3,58070777
8,85;-3,36206595;8,85;-3,77067525;8,85;-3,6093821
8,9;-3,25812148;8,9;-3,77425954;8,9;-3,68823653
8,95;-3,39790887;8,95;-3,77425954;8,95;-3,44092038
9;-3,41224604;9;-3,77425954;9;-3,46959471
9,05;-3,49468476;9,05;-3,77425954;9,05;-3,6093821
9,1;-3,36565024;9,1;-3,77425954;9,1;-3,35131307
9,15;-3,46959471;9,15;-3,75992237;9,15;-3,53411197
9,2;-3,24736861;9,2;-3,77067525;9,2;-3,54128055
9,25;-3,44092038;9,25;-3,77425954;9,25;-3,69540511
9,3;-3,13983984;9,3;-3,77425954;9,3;-3,6989894
9,35;-3,15417701;9,35;-3,77425954;9,35;-3,71691086
9,4;-3,19718852;9,4;-3,77425954;9,4;-3,42658321
9,45;-3,14342414;9,45;-3,76709095;9,45;-3,32980732
9,5;-3,4301675;9,5;-3,77425954;9,5;-3,46959471
9,55;-3,5197748;9,55;-3,77425954;9,55;-3,59504493
9,6;-3,2509529;9,6;-3,77425954;9,6;-3,62013498
9,65;-3,34772878;9,65;-3,77425954;9,65;-3,69540511
9,7;-3,31188586;9,7;-3,77425954;9,7;-3,70974228
9,75;-3,51619051;9,75;-3,77425954;9,75;-3,71691086
9,8;-3,29754869;9,8;-3,77425954;9,8;-3,64164073
9,85;-3,13983984;9,85;-3,77425954;9,85;-3,70974228
9,9;-3,05381683;9,9;-3,77425954;9,9;-3,65956219
9,95;-3,28321153;9,95;-3,77425954;9,95;-3,74200091
10;-3,24736861;10;-3,77425954;10;-3,60579781
10,05;-3,25453719;10,05;-3,77425954;10,05;-3,55203343
10,1;-3,40507746;10,1;-3,77425954;10,1;-3,53769626
10,15;-3,65239361;10,15;-3,77067525;10,15;-3,6989894
10,2;-3,46601042;10,2;-3,77067525;10,2;-3,67748365
10,25;-3,35131307;10,25;-3,77067525;10,25;-3,59146064
10,3;-3,34772878;10,3;-3,77425954;10,3;-3,43733608
10,35;-3,32980732;10,35;-3,77425954;10,35;-3,6093821
10,4;-3,36923454;10,4;-3,76709095;10,4;-3,54844914
10,45;-3,40507746;10,45;-3,77425954;10,45;-3,63088786
10,5;-3,41941462;10,5;-3,77067525;10,5;-3,59504493
10,55;-3,37998741;10,55;-3,76709095;10,55;-3,64522502
10,6;-3,22586285;10,6;-3,77425954;10,6;-3,67031507
10,65;-3,21152568;10,65;-3,77425954;10,65;-3,69540511
10,7;-3,37640312;10,7;-3,77425954;10,7;-3,58070777
10,75;-3,34414449;10,75;-3,77425954;10,75;-3,24378431
10,8;-3,15417701;10,8;-3,77425954;10,8;-3,59504493
10,85;-3,12550268;10,85;-3,77425954;10,85;-3,63088786
10,9;-3,19001993;10,9;-3,77425954;10,9;-3,65239361
10,95;-3,35848166;10,95;-3,77425954;10,95;-3,63088786
11;-3,07532259;11;-3,77425954;11;-3,6129664
11,05;-3,2939644;11,05;-3,76709095;11,05;-3,65239361
11,1;-3,20794139;11,1;-3,77067525;11,1;-3,68465224
11,15;-3,2509529;11,15;-3,75992237;11,15;-3,74200091
11,2;-3,36206595;11,2;-3,75275379;11,2;-3,72407945
11,25;-3,16492989;11,25;-3,75633808;11,25;-3,64164073
11,3;-3,25453719;11,3;-3,76709095;11,3;-3,55561772
11,35;-3,40866175;11,35;-3,77425954;11,35;-3,36923454
11,4;-3,37998741;11,4;-3,77067525;11,4;-3,33339161
11,45;-3,02155821;11,45;-3,77425954;11,45;-3,31905445
11,5;-3,11116551;11,5;-3,77067525;11,5;-3,13267126
11,55;-3,04306396;11,55;-3,77425954;11,55;-3,10041263
11,6;-2,93911949;11,6;-3,77425954;11,6;-3,31188586
11,65;-3,2509529;11,65;-3,77067525;11,65;-3,068154
11,7;-3,11833409;11,7;-3,77425954;11,7;-3,10758121
11,75;-3,07890688;11,75;-3,76350666;11,75;-3,19360422
11,8;-3,26170577;11,8;-3,76709095;11,8;-3,24378431
11,85;-3,16851418;11,85;-3,76709095;11,85;-3,48393188
11,9;-3,41583033;11,9;-3,70615799;11,9;-3,45167325
11,95;-3,11833409;11,95;-3,77425954;11,95;-3,40866175
12;-3,13267126;12;-3,76709095;12;-3,30113299
12,05;-3,25453719;12,05;-3,76709095;12,05;-3,20077281
12,1;-3,07890688;12,1;-3,76350666;12,1;-3,2509529
12,15;-3,08249117;12,15;-3,77425954;12,15;-3,41941462
12,2;-3,20794139;12,2;-3,77425954;12,2;-3,26887436
12,25;-3,22586285;12,25;-3,77425954;12,25;-3,51260622
12,3;-3,29038011;12,3;-3,76709095;12,3;-3,46959471
12,35;-3,03589537;12,35;-3,76709095;12,35;-3,43375179
12,4;-3,10399692;12,4;-3,77425954;12,4;-3,43375179
12,45;-3,08249117;12,45;-3,75992237;12,45;-3,46242613
12,5;-3,30113299;12,5;-3,77425954;12,5;-3,45525754
12,55;-3,39074029;12,55;-3,77425954;12,55;-3,3835717
12,6;-3,34772878;12,6;-3,77425954;12,6;-3,51260622
12,65;-3,3405602;12,65;-3,77425954;12,65;-3,43375179
12,7;-3,21869427;12,7;-3,77425954;12,7;-3,53052768
12,75;-3,02155821;12,75;-3,77425954;12,75;-3,57712347
12,8;-3,14342414;12,8;-3,76709095;12,8;-3,33339161
12,85;-3,15417701;12,85;-3,77425954;12,85;-3,5663706
12,9;-3,17209847;12,9;-3,77067525;12,9;-3,37281883
12,95;-3,10399692;12,95;-3,77425954;12,95;-3,50185334
13;-3,00363675;13;-3,77425954;13;-3,43733608
13,05;-3,01080533;13,05;-3,77425954;13,05;-3,6559779
13,1;-3,01797391;13,1;-3,76350666;13,1;-3,54128055
13,15;-3,11116551;13,15;-3,76350666;13,15;-3,42299892
13,2;-3,25812148;13,2;-3,76709095;13,2;-3,19718852
13,25;-3,14700843;13,25;-3,75992237;13,25;-3,44092038
13,3;-3,09324405;13,3;-3,75633808;13,3;-3,54128055
13,35;-2,98213099;13,35;-3,76350666;13,35;-3,44450467
13,4;-2,95345666;13,4;-3,74916949;13,4;-3,11116551
13,45;-3,1147498;13,45;-3,77067525;13,45;-3,37281883
13,5;-3,08607546;13,5;-3,77425954;13,5;-3,48751617
13,55;-3,51619051;13,55;-3,77425954;13,55;-3,3835717
13,6;-3,48751617;13,6;-3,77425954;13,6;-3,37640312
13,65;-3,40149316;13,65;-3,77425954;13,65;-3,41224604
13,7;-3,2939644;13,7;-3,77425954;13,7;-3,41224604
13,75;-3,33339161;13,75;-3,77425954;13,75;-3,58429206
13,8;-3,27245865;13,8;-3,77425954;13,8;-3,56995489
13,85;-3,33697591;13,85;-3,77425954;13,85;-3,52694339
13,9;-3,54844914;13,9;-3,77425954;13,9;-3,49468476
13,95;-3,48393188;13,95;-3,77425954;13,95;-3,56995489
14;-3,43375179;14;-3,77425954;14;-3,32622303
14,05;-3,50902193;14,05;-3,77425954;14,05;-3,30471728
14,1;-3,48393188;14,1;-3,77425954;14,1;-3,4767633
14,15;-3,31188586;14,15;-3,77425954;14,15;-3,57353918
14,2;-3,56995489;14,2;-3,77425954;14,2;-3,7025737
14,25;-3,56278631;14,25;-3,77067525;14,25;-3,70615799
14,3;-3,62730356;14,3;-3,76709095;14,3;-3,66314648
14,35;-3,55920201;14,35;-3,77067525;14,35;-3,68465224
14,4;-3,54486485;14,4;-3,77425954;14,4;-3,60221352
14,45;-3,6559779;14,45;-3,77425954;14,45;-3,56995489
14,5;-3,58070777;14,5;-3,77425954;14,5;-3,48393188
14,55;-3,73483233;14,55;-3,77067525;14,55;-3,73483233
14,6;-3,44808896;14,6;-3,77425954;14,6;-3,55203343
14,65;-3,54486485;14,65;-3,76350666;14,65;-3,54844914
14,7;-3,74200091;14,7;-3,77425954;14,7;-3,55561772
14,75;-3,67748365;14,75;-3,77425954;14,75;-3,51260622
14,8;-3,72407945;14,8;-3,76709095;14,8;-3,62013498
14,85;-3,74916949;14,85;-3,77425954;14,85;-3,62013498
14,9;-3,52335909;14,9;-3,77425954;14,9;-3,73124803
14,95;-3,64880932;14,95;-3,74200091;14,95;-3,6093821
15;-3,7025737;15;-3,77067525;15;-3,43375179
15,05;-3,62371927;15,05;-3,77425954;15,05;-3,34772878
15,1;-3,70615799;15,1;-3,77425954;15,1;-3,4301675
15,15;-3,69182082;15,15;-3,77067525;15,15;-3,50902193
15,2;-3,72407945;15,2;-3,77067525;15,2;-3,6989894
15,25;-3,76350666;15,25;-3,76709095;;
15,3;-3,64880932;15,3;-3,76350666;;
15,35;-3,7025737;15,35;-3,77425954;;
15,4;-3,68823653;15,4;-3,76709095;;
15,45;-3,68823653;15,45;-3,77067525;;
15,5;-3,71691086;15,5;-3,77425954;;
15,55;-3,70974228;15,55;-3,77425954;;
15,6;-3,65239361;15,6;-3,77425954;;
15,65;-3,7455852;15,65;-3,77425954;;
15,7;-3,73124803;15,7;-3,77425954;;
15,75;-3,72049516;15,75;-3,77425954;;
15,8;-3,64880932;15,8;-3,77425954;;
15,85;-3,72049516;15,85;-3,77425954;;
15,9;-3,73124803;15,9;-3,77425954;;
15,95;-3,58787635;15,95;-3,77425954;;
16;-3,70615799;16;-3,77425954;;
16,05;-3,68823653;16,05;-3,77425954;;
16,1;-3,63088786;16,1;-3,77425954;;
16,15;-3,70615799;16,15;-3,76709095;;
16,2;-3,73841662;16,2;-3,77425954;;
16,25;-3,73841662;16,25;-3,77425954;;
16,3;-3,67031507;16,3;-3,77425954;;
16,35;-3,66314648;16,35;-3,77425954;;
16,4;-3,72407945;16,4;-3,77067525;;
16,45;-3,7025737;16,45;-3,76709095;;
16,5;-3,68106794;16,5;-3,77425954;;
16,55;-3,6559779;16,55;-3,77425954;;
16,6;-3,75275379;16,6;-3,77425954;;
16,65;-3,62371927;16,65;-3,77425954;;
16,7;-3,74916949;16,7;-3,77425954;;
16,75;-3,59146064;16,75;-3,77425954;;
16,8;-3,71332657;16,8;-3,77425954;;
16,85;-3,68465224;16,85;-3,76709095;;
16,9;-3,70615799;16,9;-3,75633808;;
16,95;-3,7455852;16,95;-3,77425954;;
17;-3,7455852;17;-3,77067525;;
17,05;-3,75992237;17,05;-3,77425954;;
17,1;-3,6989894;17,1;-3,77425954;;
17,15;-3,55203343;17,15;-3,77425954;;
17,2;-3,387156;17,2;-3,77425954;;
17,25;-3,5663706;17,25;-3,75633808;;
17,3;-3,76350666;17,3;-3,77425954;;
17,35;-3,76350666;17,35;-3,77425954;;
17,4;-3,70615799;17,4;-3,77425954;;
17,45;-3,76350666;17,45;-3,77425954;;
17,5;-3,73483233;17,5;-3,77067525;;
17,55;-3,7455852;17,55;-3,77425954;;
17,6;-3,74200091;17,6;-3,76709095;;
17,65;-3,65956219;17,65;-3,77425954;;
17,7;-3,75633808;17,7;-3,77425954;;
17,75;-3,75992237;17,75;-3,77425954;;
17,8;-3,74916949;17,8;-3,77425954;;
17,85;-3,73124803;17,85;-3,77425954;;
17,9;-3,76709095;17,9;-3,77425954;;
17,95;-3,75275379;17,95;-3,77425954;;
18;-3,7025737;18;-3,77425954;;
18,05;-3,52694339;18,05;-3,77425954;;
18,1;-3,59504493;18,1;-3,77425954;;
18,15;-3,71691086;18,15;-3,77425954;;
18,2;-3,73841662;18,2;-3,77425954;;
18,25;-3,76350666;18,25;-3,77425954;;
18,3;-3,61655069;18,3;-3,77067525;;
18,35;-3,50185334;18,35;-3,77067525;;
18,4;-3,63805644;18,4;-3,77425954;;
18,45;-3,69182082;18,45;-3,77425954;;
18,5;-3,62730356;18,5;-3,77425954;;
18,55;-3,7025737;18,55;-3,77425954;;
18,6;-3,70974228;18,6;-3,77425954;;
18,65;-3,52335909;18,65;-3,77425954;;
18,7;-3,73483233;18,7;-3,77425954;;
18,75;-3,75275379;18,75;-3,77425954;;
18,8;-3,66673078;18,8;-3,77425954;;
18,85;-3,70974228;18,85;-3,77425954;;
18,9;-3,67031507;18,9;-3,77425954;;
18,95;-3,69540511;18,95;-3,77067525;;
19;-3,70974228;19;-3,77425954;;
19,05;-3,6989894;19,05;-3,77067525;;
19,1;-3,54486485;19,1;-3,75992237;;
19,15;-3,67031507;19,15;-3,77425954;;
19,2;-3,74200091;19,2;-3,77067525;;
19,25;-3,77425954;19,25;-3,77425954;;
19,3;-3,72766374;19,3;-3,77425954;;
19,35;-3,68465224;19,35;-3,77067525;;
19,4;-3,74916949;19,4;-3,77425954;;
19,45;-3,73841662;19,45;-3,77067525;;
19,5;-3,74200091;19,5;-3,77425954;;
19,55;-3,70974228;19,55;-3,77425954;;
19,6;-3,72766374;19,6;-3,76350666;;
19,65;-3,74916949;19,65;-3,77067525;;
19,7;-3,75992237;19,7;-3,76709095;;
19,75;-3,75992237;19,75;-3,77425954;;
19,8;-3,74916949;19,8;-3,77067525;;
19,85;-3,75633808;19,85;-3,75992237;;
19,9;-3,74916949;19,9;-3,76350666;;
19,95;-3,73841662;19,95;-3,77425954;;
20;-3,75633808;20;-3,77425954;;
20,05;-3,76350666;20,05;-3,77425954;;
20,1;-3,75992237;20,1;-3,77425954;;
20,15;-3,71332657;20,15;-3,77425954;;
20,2;-3,6989894;20,2;-3,77425954;;
20,25;-3,76350666;20,25;-3,77425954;;
20,3;-3,77425954;20,3;-3,77425954;;
20,35;-3,77067525;20,35;-3,77425954;;
20,4;-3,77067525;20,4;-3,77425954;;
20,45;-3,76709095;20,45;-3,76709095;;
20,5;-3,77067525;20,5;-3,77067525;;
20,55;-3,77425954;20,55;-3,77425954;;
20,6;-3,77425954;20,6;-3,77425954;;
20,65;-3,77067525;20,65;-3,77425954;;
20,7;-3,77067525;20,7;-3,77425954;;
20,75;-3,77425954;20,75;-3,77425954;;
20,8;-3,77425954;20,8;-3,77425954;;
20,85;-3,77067525;20,85;-3,77067525;;
20,9;-3,77425954;20,9;-3,77067525;;
20,95;-3,77425954;20,95;-3,75992237;;
21;-3,77425954;21;-3,77425954;;
21,05;-3,76709095;21,05;-3,76709095;;
21,1;-3,77067525;21,1;-3,77425954;;
21,15;-3,77425954;21,15;-3,77425954;;
21,2;-3,77425954;21,2;-3,77425954;;
21,25;-3,77425954;21,25;-3,77425954;;
21,3;-3,77425954;21,3;-3,77067525;;
21,35;-3,77425954;21,35;-3,77067525;;
21,4;-3,77425954;21,4;-3,76709095;;
21,45;-3,77425954;21,45;-3,77425954;;
21,5;-3,77425954;21,5;-3,77425954;;
21,55;-3,77425954;21,55;-3,77425954;;
21,6;-3,77425954;21,6;-3,77425954;;
21,65;-3,77067525;21,65;-3,77067525;;
21,7;-3,76709095;21,7;-3,77425954;;
21,75;-3,76709095;21,75;-3,77067525;;
21,8;-3,75633808;21,8;-3,77067525;;
21,85;-3,77425954;21,85;-3,77067525;;
21,9;-3,77425954;21,9;-3,77425954;;
21,95;-3,77425954;21,95;-3,77425954;;
22;-3,77425954;22;-3,77425954;;
22,05;-3,77425954;22,05;-3,77425954;;
22,1;-3,77067525;22,1;-3,77425954;;
22,15;-3,77425954;22,15;-3,77067525;;
22,2;-3,77067525;22,2;-3,77425954;;
22,25;-3,77425954;22,25;-3,77067525;;
22,3;-3,77425954;22,3;-3,77425954;;
22,35;-3,77425954;22,35;-3,77425954;;
22,4;-3,77425954;22,4;-3,77425954;;
22,45;-3,77425954;22,45;-3,77425954;;
22,5;-3,77425954;22,5;-3,77425954;;
22,55;-3,77425954;22,55;-3,77425954;;
22,6;-3,77425954;22,6;-3,77425954;;
22,65;-3,77425954;22,65;-3,77425954;;
22,7;-3,77425954;22,7;-3,77425954;;
22,75;-3,77425954;22,75;-3,77425954;;
22,8;-3,77425954;22,8;-3,77425954;;
22,85;-3,77067525;22,85;-3,77425954;;
22,9;-3,77425954;22,9;-3,77425954;;
22,95;-3,77425954;22,95;-3,77425954;;
23;-3,77425954;23;-3,77425954;;
23,05;-3,76709095;23,05;-3,77425954;;
23,1;-3,77425954;23,1;-3,77425954;;
23,15;-3,77425954;23,15;-3,77425954;;
23,2;-3,77425954;23,2;-3,77425954;;
23,25;-3,77425954;23,25;-3,77425954;;
23,3;-3,77425954;23,3;-3,77425954;;
23,35;-3,77067525;23,35;-3,77425954;;
23,4;-3,77425954;23,4;-3,77425954;;
23,45;-3,77425954;23,45;-3,77425954;;
23,5;-3,77425954;23,5;-3,77425954;;
23,55;-3,77067525;23,55;-3,77067525;;
23,6;-3,76709095;23,6;-3,76709095;;
23,65;-3,73483233;23,65;-3,77067525;;
23,7;-3,75633808;23,7;-3,77067525;;
23,75;-3,77067525;23,75;-3,76709095;;
23,8;-3,74916949;23,8;-3,77425954;;
23,85;-3,75275379;23,85;-3,77425954;;
23,9;-3,77067525;23,9;-3,77425954;;
23,95;-3,76350666;23,95;-3,77425954;;
24;-3,77067525;24;-3,76709095;;
24,05;-3,74916949;24,05;-3,77425954;;
24,1;-3,77067525;24,1;-3,77425954;;
24,15;-3,76709095;24,15;-3,77425954;;
24,2;-3,75633808;24,2;-3,77067525;;
24,25;-3,75992237;24,25;-3,77425954;;
24,3;-3,6989894;24,3;-3,77425954;;
24,35;-3,73483233;24,35;-3,77425954;;
24,4;-3,74916949;24,4;-3,77425954;;
24,45;-3,77067525;24,45;-3,77425954;;
24,5;-3,77425954;24,5;-3,77067525;;
24,55;-3,77425954;24,55;-3,77425954;;
24,6;-3,77067525;24,6;-3,77425954;;
24,65;-3,76709095;24,65;-3,77425954;;
24,7;-3,77425954;24,7;-3,77425954;;
24,75;-3,76709095;24,75;-3,77425954;;
24,8;-3,75275379;24,8;-3,77425954;;
24,85;-3,77067525;24,85;-3,77067525;;
24,9;-3,76709095;24,9;-3,77425954;;
24,95;-3,76350666;24,95;-3,77425954;;
25;-3,77067525;;;;
25,05;-3,77425954;;;;
25,1;-3,77425954;;;;
25,15;-3,77425954;;;;
25,2;-3,77425954;;;;
25,25;-3,77067525;;;;
25,3;-3,77425954;;;;
25,35;-3,75275379;;;;
25,4;-3,77425954;;;;
25,45;-3,77425954;;;;
25,5;-3,76350666;;;;
25,55;-3,77425954;;;;
25,6;-3,74916949;;;;
25,65;-3,77425954;;;;
25,7;-3,77425954;;;;
25,75;-3,77425954;;;;
25,8;-3,77425954;;;;
25,85;-3,77425954;;;;
25,9;-3,74916949;;;;
25,95;-3,77425954;;;;
26;-3,75992237;;;;
26,05;-3,77067525;;;;
26,1;-3,77425954;;;;
26,15;-3,77425954;;;;
26,2;-3,75992237;;;;
26,25;-3,75275379;;;;
26,3;-3,76350666;;;;
26,35;-3,77425954;;;;
26,4;-3,76709095;;;;
26,45;-3,77425954;;;;
26,5;-3,77425954;;;;
26,55;-3,77067525;;;;
26,6;-3,77425954;;;;
26,65;-3,77425954;;;;
26,7;-3,77425954;;;;
26,75;-3,77067525;;;;
26,8;-3,76350666;;;;
26,85;-3,77425954;;;;
26,9;-3,77425954;;;;
26,95;-3,77425954;;;;
27;-3,77067525;;;;
27,05;-3,76350666;;;;
27,1;-3,77425954;;;;
27,15;-3,77425954;;;;
27,2;-3,77067525;;;;
27,25;-3,76709095;;;;
27,3;-3,75992237;;;;
27,35;-3,77067525;;;;
27,4;-3,77425954;;;;
27,45;-3,77425954;;;;
27,5;-3,77425954;;;;
27,55;-3,77425954;;;;
27,6;-3,77425954;;;;
27,65;-3,77425954;;;;
27,7;-3,77425954;;;;
27,75;-3,77425954;;;;
27,8;-3,77425954;;;;
27,85;-3,77425954;;;;
27,9;-3,77425954;;;;
27,95;-3,77425954;;;;
28;-3,77425954;;;;
28,05;-3,77425954;;;;
28,1;-3,77425954;;;;
28,15;-3,77425954;;;;
28,2;-3,77425954;;;;
28,25;-3,77425954;;;;
28,3;-3,77425954;;;;
28,35;-3,77425954;;;;
28,4;-3,77425954;;;;
28,45;-3,77425954;;;;
28,5;-3,77425954;;;;
28,55;-3,77425954;;;;
28,6;-3,77425954;;;;
28,65;-3,77425954;;;;
28,7;-3,77425954;;;;
28,75;-3,77425954;;;;
28,8;-3,77425954;;;;
28,85;-3,77425954;;;;
28,9;-3,77425954;;;;
28,95;-3,76350666;;;;
29;-3,77425954;;;;
29,05;-3,77425954;;;;
29,1;-3,77425954;;;;
29,15;-3,77425954;;;;
29,2;-3,77425954;;;;
29,25;-3,77425954;;;;
29,3;-3,77425954;;;;
29,35;-3,77425954;;;;
29,4;-3,77425954;;;;
29,45;-3,77425954;;;;
29,5;-3,77425954;;;;
29,55;-3,77425954;;;;
29,6;-3,77425954;;;;
29,65;-3,77425954;;;;
29,7;-3,77425954;;;;
29,75;-3,77067525;;;;
29,8;-3,75633808;;;;
29,85;-3,77067525;;;;
29,9;-3,76709095;;;;
29,95;-3,77425954;;;;
30;-3,77425954;;;;
30,05;-3,77067525;;;;
30,1;-3,71332657;;;;
30,15;-3,77067525;;;;
30,2;-3,77067525;;;;
30,25;-3,77425954;;;;
30,3;-3,77425954;;;;
30,35;-3,77425954;;;;
30,4;-3,77425954;;;;
30,45;-3,77425954;;;;
30,5;-3,77425954;;;;
30,55;-3,77425954;;;;
30,6;-3,77425954;;;;
30,65;-3,77425954;;;;
30,7;-3,77425954;;;;
30,75;-3,77425954;;;;
30,8;-3,77425954;;;;
30,85;-3,77425954;;;;
30,9;-3,77425954;;;;
30,95;-3,77425954;;;;
31;-3,77425954;;;;
31,05;-3,77425954;;;;
31,1;-3,77425954;;;;
31,15;-3,77425954;;;;
31,2;-3,77425954;;;;
31,25;-3,77425954;;;;
31,3;-3,77425954;;;;
31,35;-3,77425954;;;;
31,4;-3,77425954;;;;
31,45;-3,77425954;;;;
31,5;-3,77425954;;;;
31,55;-3,77425954;;;;
31,6;-3,77425954;;;;
31,65;-3,77425954;;;;
31,7;-3,77425954;;;;
31,75;-3,77425954;;;;
31,8;-3,77425954;;;;
31,85;-3,77425954;;;;
31,9;-3,77425954;;;;
31,95;-3,77067525;;;;
32;-3,77425954;;;;
32,05;-3,77425954;;;;
32,1;-3,77425954;;;;
32,15;-3,76709095;;;;
32,2;-3,77425954;;;;
32,25;-3,77425954;;;;
32,3;-3,77425954;;;;
32,35;-3,77425954;;;;
32,4;-3,77425954;;;;
32,45;-3,77425954;;;;
32,5;-3,77425954;;;;
32,55;-3,77425954;;;;
32,6;-3,77425954;;;;
32,65;-3,77425954;;;;
32,7;-3,77425954;;;;
32,75;-3,76709095;;;;
32,8;-3,74200091;;;;
32,85;-3,77067525;;;;
32,9;-3,77425954;;;;
32,95;-3,76350666;;;;
33;-3,7455852;;;;
33,05;-3,77067525;;;;
33,1;-3,77067525;;;;
33,15;-3,77425954;;;;
33,2;-3,77425954;;;;
33,25;-3,77425954;;;;
33,3;-3,77425954;;;;
33,35;-3,77425954;;;;
33,4;-3,77425954;;;;
33,45;-3,77425954;;;;
33,5;-3,77425954;;;;
33,55;-3,77425954;;;;
33,6;-3,77067525;;;;
33,65;-3,77425954;;;;
33,7;-3,77425954;;;;
33,75;-3,77425954;;;;
33,8;-3,77425954;;;;
33,85;-3,77425954;;;;
33,9;-3,77425954;;;;
33,95;-3,77425954;;;;
34;-3,77425954;;;;
34,05;-3,77425954;;;;
34,1;-3,77425954;;;;
34,15;-3,77425954;;;;
34,2;-3,77425954;;;;
34,25;-3,77425954;;;;
34,3;-3,77425954;;;;
34,35;-3,77425954;;;;
34,4;-3,77425954;;;;
34,45;-3,77425954;;;;
34,5;-3,77425954;;;;
34,55;-3,77425954;;;;
34,6;-3,77425954;;;;
34,65;-3,77425954;;;;
34,7;-3,77425954;;;;
34,75;-3,77425954;;;;
34,8;-3,77425954;;;;
34,85;-3,77425954;;;;
34,9;-3,77067525;;;;
34,95;-3,77425954;;;;
35;-3,77425954;;;;
35,05;-3,77425954;;;;
35,1;-3,77425954;;;;
35,15;-3,77425954;;;;
35,2;-3,77425954;;;;
35,25;-3,77425954;;;;
35,3;-3,77425954;;;;
35,35;-3,77425954;;;;
35,4;-3,77425954;;;;
35,45;-3,77425954;;;;
35,5;-3,77425954;;;;
35,55;-3,77425954;;;;
35,6;-3,77425954;;;;
35,65;-3,77067525;;;;
35,7;-3,77425954;;;;
35,75;-3,77425954;;;;
35,8;-3,77425954;;;;
35,85;-3,77425954;;;;
35,9;-3,77425954;;;;
35,95;-3,77425954;;;;
36;-3,77425954;;;;
36,05;-3,77425954;;;;
36,1;-3,77425954;;;;
36,15;-3,77425954;;;;
36,2;-3,77425954;;;;
36,25;-3,77425954;;;;
